R(age 1),SSB,Fbar(3-7)
3.93285592505628,0.455266814776078,-0.351600515644702
